{"loss": [2.062562701748867, 1.6818453748436535, 1.2667615025066863, 1.1503429257986593, 1.104640565666498, 1.08220256514409, 1.0668426372256934, 1.0393442605056016, 1.0322838869749331, 1.0208651516951768, 0.9986267148279676, 1.0075886156044753, 0.9863500948630127, 0.9807489642909929, 0.9699301345675599, 0.973992156047447, 0.9643907015230141, 0.9772387836493698, 0.9452882188500142, 0.9578762428433287, 0.9373725547510035, 0.9506283726762322, 0.9219536161890217, 0.9138460226503073, 0.9231212749785068, 0.9164123174314406, 0.949644461274147, 0.9101633061380947, 0.8999546481405988, 0.9378654202994179, 0.9112004707841312, 0.9067225184510735, 0.9042569635545507, 0.9210388416460916, 0.9011936447784012, 0.9019190736261069, 0.8725062716825336, 0.9061021270120845, 0.8963106895486513, 0.8861920392396403, 0.8788578782011481, 0.8782489837384692, 0.8758173412552067, 0.8626693621569989, 0.8772464721810584, 0.8693260427783517, 0.8759778428311441, 0.8804637224358671, 0.8755676343160517, 0.8524806854479453, 0.8613800688409338, 0.844773931100088, 0.8658479921081487, 0.8666938755149934, 0.8614113490078964, 0.8674284587888157, 0.8490348261068849, 0.845601852471922, 0.8444581033260214, 0.8454618801673254, 0.8364516603303891, 0.8146410195850858, 0.8095349435712776, 0.8260438059474907, 0.8431234537970786, 0.825660879267197, 0.8540259349872085, 0.800464819605444, 0.8139975576424131, 0.8238517829016143, 0.8036963371377365, 0.8117006894420175, 0.797215167798248, 0.819723976301212, 0.809065010617761, 0.8346777847584557, 0.8057294898465568, 0.8283955368633363, 0.8356675074673167, 0.8198469034304806, 0.7792474576363376, 0.7879821944470499, 0.8047454310398475, 0.80617461689547, 0.8066493537203938, 0.7745731329801036, 0.7834983926777747, 0.7915430967422092, 0.8099633577991935, 0.8143859304049436, 0.783426734892761, 0.7676275747956014, 0.7804996942480406, 0.7629701660252085, 0.7777971299547776, 0.7970292695304927, 0.7670324405326563, 0.7859647162989074, 0.76474159473882, 0.7868353876413083, 0.7473057949659871, 0.741674532200776, 0.7702070090408418, 0.7478557901055205, 0.7856607946987245, 0.7698263070162605, 0.7591142993347317, 0.7686843576968885, 0.7818141031791183, 0.7392875894027597, 0.7291849407495237, 0.7436951664732951, 0.7420817173871339, 0.7643434826065513, 0.745473808517643, 0.7632971613430509, 0.7572333742590511, 0.7369821981764307, 0.7585788100373512, 0.7433341199568674], "val_all_f1": [0.2202, 0.223, 0.3061, 0.4453, 0.4851, 0.4531, 0.5156, 0.4453, 0.4467, 0.4822, 0.4616, 0.5, 0.4737, 0.5241, 0.5511, 0.5497, 0.5277, 0.5298, 0.593, 0.5412, 0.5923, 0.593, 0.5682, 0.5746, 0.5852, 0.5582, 0.5852, 0.5682, 0.5788, 0.593, 0.5561, 0.5327, 0.5923, 0.5668, 0.5803, 0.527, 0.5597, 0.5795, 0.5589, 0.5675, 0.554, 0.5632, 0.5646, 0.5795, 0.5518, 0.5597, 0.5604, 0.5668, 0.5483, 0.5618, 0.5604, 0.5298, 0.5518, 0.544, 0.5845, 0.554, 0.5753, 0.5753, 0.5504, 0.5639, 0.5447, 0.549, 0.5653, 0.5675, 0.5803, 0.5568, 0.5653, 0.5639, 0.5753, 0.5568, 0.5788, 0.5696, 0.5341, 0.5533, 0.5668, 0.5376, 0.581, 0.5639, 0.5341, 0.5788, 0.5305, 0.549, 0.5447, 0.5518, 0.5739, 0.5405, 0.5675, 0.5355, 0.5455, 0.5561, 0.5646, 0.5611, 0.5518, 0.5781, 0.5234, 0.5391, 0.5611, 0.5313, 0.5426, 0.5526, 0.5227, 0.5391, 0.5234, 0.5632, 0.5419, 0.571, 0.5696, 0.5391, 0.5682, 0.5526, 0.5355, 0.5675, 0.5838, 0.5611, 0.5405, 0.5376, 0.5582, 0.5568, 0.5504, 0.5476], "val_non_f1": [0.1669, 0.1669, 0.1696, 0.2953, 0.3097, 0.239, 0.3231, 0.2111, 0.1777, 0.2445, 0.1937, 0.2405, 0.1844, 0.3019, 0.3166, 0.3246, 0.2525, 0.2565, 0.3447, 0.2525, 0.3407, 0.3527, 0.2899, 0.3233, 0.338, 0.2872, 0.326, 0.2832, 0.3206, 0.3353, 0.2846, 0.2285, 0.3393, 0.2819, 0.318, 0.2111, 0.2779, 0.3086, 0.2699, 0.2966, 0.2764, 0.2846, 0.287, 0.2977, 0.2725, 0.2832, 0.2779, 0.2859, 0.2672, 0.2859, 0.2752, 0.2218, 0.2712, 0.2418, 0.3193, 0.2819, 0.2966, 0.3073, 0.2565, 0.2859, 0.2485, 0.2578, 0.2872, 0.2939, 0.3126, 0.263, 0.2619, 0.2899, 0.3086, 0.2659, 0.2991, 0.2872, 0.2178, 0.2724, 0.2752, 0.2258, 0.3046, 0.2886, 0.2338, 0.2993, 0.2285, 0.2565, 0.2325, 0.2592, 0.2792, 0.2353, 0.2659, 0.2178, 0.2351, 0.2498, 0.2672, 0.2699, 0.2525, 0.2912, 0.2086, 0.2298, 0.2659, 0.2164, 0.2311, 0.2565, 0.2057, 0.2244, 0.2111, 0.2672, 0.2418, 0.3006, 0.2725, 0.2218, 0.2699, 0.2458, 0.2311, 0.2872, 0.3046, 0.2632, 0.2458, 0.2231, 0.2552, 0.2552, 0.2445, 0.2325], "val_exp_f1": [0.2807, 0.2868, 0.4613, 0.6161, 0.6844, 0.6965, 0.7344, 0.7117, 0.7527, 0.7527, 0.7663, 0.7951, 0.8027, 0.7769, 0.8179, 0.8064, 0.8407, 0.8407, 0.8756, 0.8695, 0.8786, 0.8671, 0.8847, 0.861, 0.8671, 0.8665, 0.8801, 0.8923, 0.8725, 0.8862, 0.8656, 0.8786, 0.8808, 0.8907, 0.8786, 0.8862, 0.8801, 0.8884, 0.8877, 0.8756, 0.8695, 0.8801, 0.8801, 0.8998, 0.8695, 0.8741, 0.8816, 0.8862, 0.868, 0.8756, 0.8847, 0.8801, 0.871, 0.8877, 0.8862, 0.8634, 0.8923, 0.8801, 0.8847, 0.8801, 0.8816, 0.8801, 0.8816, 0.8786, 0.8847, 0.8907, 0.9105, 0.8756, 0.8786, 0.8877, 0.8968, 0.8907, 0.8938, 0.8725, 0.8983, 0.8923, 0.8953, 0.8771, 0.8756, 0.8968, 0.8741, 0.8816, 0.8998, 0.8847, 0.909, 0.8877, 0.9105, 0.8968, 0.8983, 0.9044, 0.9029, 0.8923, 0.8923, 0.9044, 0.8816, 0.8907, 0.8968, 0.8892, 0.8968, 0.8892, 0.8832, 0.8968, 0.8786, 0.8998, 0.8832, 0.8786, 0.9074, 0.8998, 0.9074, 0.9014, 0.8816, 0.8862, 0.9014, 0.8998, 0.8756, 0.8953, 0.9029, 0.8998, 0.8983, 0.9059], "val_loss": [3.186190470405247, 2.434923016506693, 2.2229589483012324, 1.9760502317677373, 1.8335254399672798, 1.769662214362103, 1.7650957833165708, 1.7162612676620483, 1.7414773287980452, 1.7299461883047353, 1.6958515384922856, 1.6835154761438784, 1.6814121059749438, 1.6414167881011963, 1.6199631017187368, 1.5843015805534695, 1.6104575551074485, 1.5927884837855464, 1.5491093863611636, 1.554047993991686, 1.5378140729406606, 1.5186882433683977, 1.5591445124667624, 1.5028758515482363, 1.4988591256348982, 1.5451415103414785, 1.4904621062071428, 1.5018531291381172, 1.4819480802701868, 1.4870130031005195, 1.5289312497429226, 1.562799966853598, 1.4411070346832275, 1.4739469497100166, 1.4785075239513232, 1.5207814081855442, 1.494603333265885, 1.4407967277195142, 1.49744495101597, 1.4674477577209473, 1.4589840277381565, 1.4759113840434863, 1.4689612855081973, 1.4391998933709187, 1.534059483072032, 1.4876807461614194, 1.472485759983892, 1.4380072769911394, 1.5049230534097422, 1.479475254597871, 1.4722299316655034, 1.5253755268843279, 1.4405139166375864, 1.488909845766814, 1.4066006359846697, 1.4442131363827249, 1.448969348617222, 1.4253078232640806, 1.496717686238496, 1.4469824822052666, 1.4924240889756575, 1.465607358061749, 1.4474437184955762, 1.445816651634548, 1.4551165466723235, 1.4946080809054167, 1.4587487448816714, 1.448724881462429, 1.446578860282898, 1.4678602374118308, 1.4349940548772397, 1.454416881436887, 1.5309386253356934, 1.4949173098025115, 1.4453167086062224, 1.5222226433132007, 1.465158918629522, 1.4399209126182224, 1.5329529098842456, 1.4494502388912698, 1.5076424298079119, 1.469536366670028, 1.479253105495287, 1.4805433439171833, 1.4721004029978877, 1.5339380917341814, 1.4479142168293828, 1.5495210626850957, 1.5323377795841382, 1.459789576737777, 1.4879465725110925, 1.515078534250674, 1.4909495374430781, 1.458573833755825, 1.5748287439346313, 1.5062252023945684, 1.485871206159177, 1.5469904308733733, 1.5067930273387744, 1.4924585560093755, 1.6136993014294168, 1.529078763464223, 1.5664859543675962, 1.4879074614980947, 1.549488409705784, 1.4864717721939087, 1.4950267491133318, 1.5608703519987024, 1.4856559608293616, 1.5033684917118237, 1.5445161435915076, 1.5328810214996338, 1.4943349050438923, 1.5174908586170361, 1.530244029086569, 1.5501827779023543, 1.5109575624051301, 1.5196084509725156, 1.5159370069918425, 1.5484679211740908]}